{"name":"b2542a7e-2f8f-42fb-9074-585d55bef3fe","id":"/providers/Microsoft.Flow/flows/b2542a7e-2f8f-42fb-9074-585d55bef3fe","type":"Microsoft.Flow/flows","properties":{"apiId":"/providers/Microsoft.PowerApps/apis/shared_logicflows","displayName":"Approval Demo","definition":{"metadata":{"workflowEntityId":null,"creator":{"id":"9613ccb1-e4db-4841-a206-8ec7a75e66ac","type":"User","tenantId":"444c62d2-8c95-4c84-94d9-8e1fe06065c4"},"provisioningMethod":"FromDefinition","failureAlertSubscription":true,"clientLastModifiedTime":"2020-05-27T18:15:21.7897278Z"},"$schema":"https://schema.management.azure.com/providers/Microsoft.Logic/schemas/2016-06-01/workflowdefinition.json#","contentVersion":"1.0.0.0","parameters":{"$connections":{"defaultValue":{},"type":"Object"},"$authentication":{"defaultValue":{},"type":"SecureObject"}},"triggers":{"When_an_item_is_created":{"recurrence":{"frequency":"Minute","interval":5},"splitOn":"@triggerBody()?['value']","metadata":{"flowSystemMetadata":{"swaggerOperationId":"GetOnNewItems"}},"type":"ApiConnection","inputs":{"host":{"connection":{"name":"@parameters('$connections')['shared_sharepointonline']['connectionId']"},"api":{"runtimeUrl":"https://canada-001.azure-apim.net/apim/sharepointonline"}},"method":"get","path":"/datasets/@{encodeURIComponent(encodeURIComponent('https://robwindsortest987.sharepoint.com/sites/demo4'))}/tables/@{encodeURIComponent(encodeURIComponent('e0efbfbe-6225-4e84-b016-b95d005a58ca'))}/onnewitems","authentication":"@parameters('$authentication')"}}},"actions":{"Main":{"actions":{"Start_and_wait_for_an_approval":{"runAfter":{"If_amount_is_greater_than_$1000":["Succeeded"]},"metadata":{"flowSystemMetadata":{"swaggerOperationId":"StartAndWaitForAnApproval"}},"type":"ApiConnectionWebhook","inputs":{"host":{"connection":{"name":"@parameters('$connections')['shared_approvals']['connectionId']"},"api":{"runtimeUrl":"https://canada-001.azure-apim.net/apim/approvals"}},"body":{"notificationUrl":"@{listCallbackUrl()}","title":"Item Review","assignedTo":"@variables('Approvers')","details":"Please review the item linked below.","itemLink":"@triggerBody()?['{Link}']","itemLinkDescription":"@triggerBody()?['Title']","requestor":"@triggerBody()?['Author']?['Email']","enableNotifications":true,"enableReassignment":true},"path":"/types/@{encodeURIComponent('BasicAwaitAll')}/subscriptions","authentication":"@parameters('$authentication')"}},"If_amount_is_greater_than_$1000":{"actions":{"Add_second_approver_to_the_Approvers_variable":{"runAfter":{},"type":"AppendToStringVariable","inputs":{"name":"Approvers","value":"alexw@robwindsortest987.onmicrosoft.com;"}}},"runAfter":{},"expression":{"greater":["@triggerBody()?['Amount']",1000]},"type":"If"},"Apply_to_each_approval_response":{"foreach":"@body('Start_and_wait_for_an_approval')?['responses']","actions":{"If_the_response_was_reject":{"actions":{"Set_variable":{"runAfter":{},"type":"SetVariable","inputs":{"name":"ApprovalResult","value":"Rejected"}}},"runAfter":{},"expression":{"equals":["@items('Apply_to_each_approval_response')?['approverResponse']","Reject"]},"type":"If"}},"runAfter":{"Start_and_wait_for_an_approval":["Succeeded"]},"type":"Foreach"},"Update_item":{"runAfter":{"Apply_to_each_approval_response":["Succeeded"]},"metadata":{"flowSystemMetadata":{"swaggerOperationId":"PatchItem"}},"type":"ApiConnection","inputs":{"host":{"connection":{"name":"@parameters('$connections')['shared_sharepointonline']['connectionId']"},"api":{"runtimeUrl":"https://canada-001.azure-apim.net/apim/sharepointonline"}},"method":"patch","body":{"Title":"@triggerBody()?['Title']","Amount":"@triggerBody()?['Amount']","ApprovalStatus":"@variables('ApprovalResult')","ApprovalDetails":"@body('Start_and_wait_for_an_approval')?['responseSummary']"},"path":"/datasets/@{encodeURIComponent(encodeURIComponent('https://robwindsortest987.sharepoint.com/sites/demo4'))}/tables/@{encodeURIComponent(encodeURIComponent('e0efbfbe-6225-4e84-b016-b95d005a58ca'))}/items/@{encodeURIComponent(triggerBody()?['ID'])}","authentication":"@parameters('$authentication')"}}},"runAfter":{"Initialize_ApprovalResult_variable":["Succeeded"]},"type":"Scope"},"Initialize_Approvers_variable":{"runAfter":{},"type":"InitializeVariable","inputs":{"variables":[{"name":"Approvers","type":"string","value":"AdeleV@robwindsortest987.onmicrosoft.com;"}]}},"Initialize_ApprovalResult_variable":{"runAfter":{"Initialize_Approvers_variable":["Succeeded"]},"type":"InitializeVariable","inputs":{"variables":[{"name":"ApprovalResult","type":"string","value":"Approved"}]}}}},"connectionReferences":{"shared_approvals":{"connectionName":"shared-approvals-77b2a74f-b70f-411c-9241-ee24968d7c26","source":"Embedded","id":"/providers/Microsoft.PowerApps/apis/shared_approvals","tier":"NotSpecified"},"shared_sharepointonline":{"connectionName":"shared-sharepointonl-844423f2-5ec8-4fcd-9a1f-e2fe776b7be1","source":"Embedded","id":"/providers/Microsoft.PowerApps/apis/shared_sharepointonline","tier":"NotSpecified"}},"flowFailureAlertSubscribed":false}}